{"last_epoch": 113, "last_save_epoch": 93, "best_val_loss": 0.010311863677212473, "best_train_loss": 0.0013506391908352574, "done": true}