{
  "TRAIN_ROLLOUT_LOSS": 4.211781026502938,
  "TRAIN_ROLLOUT_ROT_ERR": 26.184164544326087,
  "TRAIN_ROLLOUT_POS_ERR": 0.03830094963390309,
  "TEST_ROLLOUT_LOSS": 6.541868587805358,
  "TEST_ROLLOUT_ROT_ERR": 40.04978051882736,
  "TEST_ROLLOUT_POS_ERR": 0.04627070723212381,
  "TRAIN_SINGLESTEP_LOSS": 0.09186553696724634,
  "TRAIN_SINGLESTEP_ROT_ERR": 0.1355459095832073,
  "TRAIN_SINGLESTEP_POS_ERR": 0.0002904736174253323,
  "TEST_SINGLESTEP_LOSS": 0.28535494267929395,
  "TEST_SINGLESTEP_ROT_ERR": 0.19119081255797668,
  "TEST_SINGLESTEP_POS_ERR": 0.00034937983149494926,
  "TRAIN_LOSS": 0.0013506391908352574,
  "VAL_LOSS": 0.010311863677212473,
  "TEST_LOSS": 0.02210600617132919
}